C,epsilon,mse,r2,execution_time
0.1,0.01,0.011331526390448066,0.9886684736095516,2.2997334003448486
0.1,0.1,0.014217538665228607,0.985782461334771,0.8796427249908447
0.1,0.2,0.030590374232292376,0.9694096257677067,0.6273839473724365
1.0,0.01,0.0047647798212261516,0.9952352201787737,4.879530191421509
1.0,0.1,0.008640875259223559,0.9913591247407761,0.7545175552368164
1.0,0.2,0.017098250881026615,0.9829017491189729,0.33184361457824707
10.0,0.01,0.004162105986570289,0.9958378940134296,9.032652378082275
10.0,0.1,0.008288671073059197,0.9917113289269406,0.7332885265350342
10.0,0.2,0.017122836678332965,0.9828771633216665,0.35141563415527344
